{
  "air": {
    "acceleration": 21.07000160217285,
    "braking": 20.57999992370605,
    "handling": 21.07000160217285,
    "speed": 109.7642593383789
  },
  "land": {
    "acceleration": 0.81999999284744,
    "braking": 3.0,
    "handling": 1.20000004768371,
    "speed": 53.86687088012695
  },
  "sea": {
    "acceleration": 18.0,
    "braking": 0.40000000596046,
    "handling": 18.38000106811523,
    "speed": 46.66666793823242
  }
}